{
  "models": [
    {
      "name": "GPT-5.4 Nano",
      "n": 999,
      "overall": {
        "composite": 0.632353,
        "objective": 0.488335,
        "calibration": 0.836672,
        "attention": 0.644311,
        "executive": 0.617027
      },
      "by_difficulty": {
        "easy": {
          "n": 250,
          "composite": 0.638709,
          "objective": 0.479898,
          "calibration": 0.848596,
          "attention": 0.6488,
          "executive": 0.644179
        },
        "medium": {
          "n": 499,
          "composite": 0.631105,
          "objective": 0.493765,
          "calibration": 0.834211,
          "attention": 0.639412,
          "executive": 0.609261
        },
        "hard": {
          "n": 250,
          "composite": 0.628487,
          "objective": 0.485933,
          "calibration": 0.829662,
          "attention": 0.6496,
          "executive": 0.605376
        }
      }
    },
    {
      "name": "GPT-5.4 mini",
      "n": 1000,
      "overall": {
        "composite": 0.628582,
        "objective": 0.485151,
        "calibration": 0.843879,
        "attention": 0.672333,
        "executive": 0.566714
      },
      "by_difficulty": {
        "easy": {
          "n": 250,
          "composite": 0.636791,
          "objective": 0.500037,
          "calibration": 0.861854,
          "attention": 0.656533,
          "executive": 0.57504
        },
        "medium": {
          "n": 500,
          "composite": 0.619708,
          "objective": 0.475456,
          "calibration": 0.83893,
          "attention": 0.6592,
          "executive": 0.558628
        },
        "hard": {
          "n": 250,
          "composite": 0.638123,
          "objective": 0.489657,
          "calibration": 0.835803,
          "attention": 0.7144,
          "executive": 0.574559
        }
      }
    },
    {
      "name": "GPT-5.4",
      "n": 948,
      "overall": {
        "composite": 0.554056,
        "objective": 0.489754,
        "calibration": 0.845952,
        "attention": 0.677075,
        "executive": 0.178696
      },
      "by_difficulty": {
        "easy": {
          "n": 240,
          "composite": 0.557079,
          "objective": 0.515531,
          "calibration": 0.8549,
          "attention": 0.640556,
          "executive": 0.174032
        },
        "medium": {
          "n": 470,
          "composite": 0.551103,
          "objective": 0.477804,
          "calibration": 0.837952,
          "attention": 0.696028,
          "executive": 0.17589
        },
        "hard": {
          "n": 238,
          "composite": 0.556839,
          "objective": 0.487359,
          "calibration": 0.852725,
          "attention": 0.676471,
          "executive": 0.188942
        }
      }
    },
    {
      "name": "GPT-5.5",
      "n": 1000,
      "overall": {
        "composite": 0.586417,
        "objective": 0.765274,
        "calibration": 0.765757,
        "attention": 0.504667,
        "executive": 0.130992
      },
      "by_difficulty": {
        "easy": {
          "n": 250,
          "composite": 0.586919,
          "objective": 0.760731,
          "calibration": 0.766049,
          "attention": 0.520267,
          "executive": 0.125486
        },
        "medium": {
          "n": 500,
          "composite": 0.592967,
          "objective": 0.780425,
          "calibration": 0.763294,
          "attention": 0.5116,
          "executive": 0.133372
        },
        "hard": {
          "n": 250,
          "composite": 0.572815,
          "objective": 0.739515,
          "calibration": 0.770391,
          "attention": 0.4752,
          "executive": 0.131737
        }
      }
    },
    {
      "name": "Gemini 3 Flash Preview",
      "n": 1000,
      "overall": {
        "composite": 0.624347,
        "objective": 0.749105,
        "calibration": 0.758333,
        "attention": 0.676,
        "executive": 0.186883
      },
      "by_difficulty": {
        "easy": {
          "n": 250,
          "composite": 0.618514,
          "objective": 0.758002,
          "calibration": 0.757575,
          "attention": 0.6256,
          "executive": 0.1935
        },
        "medium": {
          "n": 500,
          "composite": 0.627081,
          "objective": 0.746435,
          "calibration": 0.759579,
          "attention": 0.695467,
          "executive": 0.1842
        },
        "hard": {
          "n": 250,
          "composite": 0.624711,
          "objective": 0.745548,
          "calibration": 0.7566,
          "attention": 0.687467,
          "executive": 0.185633
        }
      }
    },
    {
      "name": "Gemini 3.1 Pro Preview",
      "n": 1000,
      "overall": {
        "composite": 0.62152,
        "objective": 0.85311,
        "calibration": 0.752725,
        "attention": 0.552533,
        "executive": 0.121216
      },
      "by_difficulty": {
        "easy": {
          "n": 250,
          "composite": 0.620543,
          "objective": 0.863419,
          "calibration": 0.75165,
          "attention": 0.541867,
          "executive": 0.110302
        },
        "medium": {
          "n": 500,
          "composite": 0.62024,
          "objective": 0.850639,
          "calibration": 0.751788,
          "attention": 0.5488,
          "executive": 0.124046
        },
        "hard": {
          "n": 250,
          "composite": 0.625056,
          "objective": 0.847743,
          "calibration": 0.755675,
          "attention": 0.570667,
          "executive": 0.12647
        }
      }
    },
    {
      "name": "Gemini 2.5 Pro",
      "n": 549,
      "overall": {
        "composite": 0.642888,
        "objective": 0.669484,
        "calibration": 0.880876,
        "attention": 0.651609,
        "executive": 0.290137
      },
      "by_difficulty": {
        "easy": {
          "n": 148,
          "composite": 0.651333,
          "objective": 0.689688,
          "calibration": 0.887898,
          "attention": 0.652703,
          "executive": 0.287135
        },
        "medium": {
          "n": 269,
          "composite": 0.642581,
          "objective": 0.669568,
          "calibration": 0.878557,
          "attention": 0.649071,
          "executive": 0.293893
        },
        "hard": {
          "n": 132,
          "composite": 0.634044,
          "objective": 0.64666,
          "calibration": 0.87773,
          "attention": 0.655556,
          "executive": 0.285846
        }
      }
    },
    {
      "name": "Gemini 2.5 Flash",
      "n": 755,
      "overall": {
        "composite": 0.616963,
        "objective": 0.653682,
        "calibration": 0.808376,
        "attention": 0.624989,
        "executive": 0.305411
      },
      "by_difficulty": {
        "easy": {
          "n": 194,
          "composite": 0.607387,
          "objective": 0.657418,
          "calibration": 0.816756,
          "attention": 0.562543,
          "executive": 0.302965
        },
        "medium": {
          "n": 386,
          "composite": 0.617727,
          "objective": 0.65088,
          "calibration": 0.807583,
          "attention": 0.641105,
          "executive": 0.299014
        },
        "hard": {
          "n": 175,
          "composite": 0.625891,
          "objective": 0.655724,
          "calibration": 0.800833,
          "attention": 0.658667,
          "executive": 0.32223
        }
      }
    },
    {
      "name": "Claude Sonnet 4.6",
      "n": 948,
      "overall": {
        "composite": 0.657399,
        "objective": 0.563161,
        "calibration": 0.78661,
        "attention": 0.67384,
        "executive": 0.644361
      },
      "by_difficulty": {
        "easy": {
          "n": 232,
          "composite": 0.657397,
          "objective": 0.571971,
          "calibration": 0.796669,
          "attention": 0.64454,
          "executive": 0.64566
        },
        "medium": {
          "n": 481,
          "composite": 0.656581,
          "objective": 0.563973,
          "calibration": 0.782172,